Cluster,Time_taken (min),Delivery_person_Age,Restaurant_latitude,Restaurant_longitude,Delivery_location_latitude,Delivery_location_longitude,Vehicle_condition,multiple_deliveries,Weather_conditions_Cloudy,Weather_conditions_Fog,Weather_conditions_Missing,Weather_conditions_Sandstorms,Weather_conditions_Stormy,Weather_conditions_Sunny,Weather_conditions_Windy,City_Metropolitian,City_Missing,City_Semi-Urban,City_Urban,Festival_Missing,Festival_No,Festival_Yes
0,-0.15830235454130415,-0.5007947550495816,-1.849396892326848,-2.3343757939870664,-1.2579764819068624,-1.7209815469042111,0.5013289765374035,-0.09739250186367664,0.04476866748030622,0.05780539221125042,0.6216021302562965,0.058027293908798405,0.06179962276711417,0.07450349495173639,0.08149339842449795,0.4740375013868856,0.00515921446799068,0.0008321313658049485,0.5199711527793187,0.0007211805170309552,0.9948407855320093,0.004438033950959725
1,0.024929308641531717,0.07886469566966396,0.2912413151598182,0.36761534483961056,0.19810497495197776,0.27101858512130317,-0.07894882437634958,0.015337281276489092,0.08923173693498507,0.08511697796725665,0.2925235441091678,0.12579281183932348,0.12868450020093303,0.16340223297747802,0.11524819597085598,0.8385983610853878,0.010361155277549666,0.0015550469134939632,0.14948543672356857,0.0018782870022539444,0.9772508867261894,0.02087082627155662
