Cluster,Time_taken (min),Delivery_person_Age,Restaurant_latitude,Restaurant_longitude,Delivery_location_latitude,Delivery_location_longitude,Vehicle_condition,multiple_deliveries,Weather_conditions_Cloudy,Weather_conditions_Fog,Weather_conditions_Missing,Weather_conditions_Sandstorms,Weather_conditions_Stormy,Weather_conditions_Sunny,Weather_conditions_Windy,City_Metropolitian,City_Missing,City_Semi-Urban,City_Urban,Festival_Missing,Festival_No,Festival_Yes
0,-0.005905889427732964,-0.017042043897155492,0.0823445600626886,0.10431122555353364,0.17079168493569155,0.2553870827639576,0.016291232154179304,0.006406866435197752,0.0825608810800336,0.07871746011239585,0.34573832439764873,0.11634422840901751,0.11900878496221175,0.15104805891092307,0.10658226212776953,0.785462825398876,0.009632775660487048,0.0014372456559653768,0.20346715328467152,0.001735998966475034,0.9789177055745752,0.01934629545894968
1,0.08461737550276413,0.24417203292166945,-1.179802067867175,-1.4945322376624282,-2.447039402581622,-3.6590906323635863,-0.23341468299754659,-0.09179518674993126,0.0920869967607589,0.11985192040721888,0.21633503007866728,0.11985192040721888,0.1278343359555761,0.15502082369273484,0.1690189726978251,0.8396575659416936,0.00994909763998149,0.0017353077279037483,0.1486580286904211,0.0015039333641832485,0.9900509023600185,0.008445164275798242
