method,silhouette_score,davies_bouldin_index,calinski_harabasz_index
K-Means,0.41478738926481745,1.3196711258232603,42819.01339930258
DBSCAN,0.1426369376957756,0.809103583524643,708.31450738612
Birch,0.4100444686972375,0.9359833283468438,28285.032724130077
