method,silhouette_score,davies_bouldin_index,calinski_harabasz_index
K-Means,0.41478738926471087,1.3196711258232603,42819.01339930259
DBSCAN,0.1426369376953534,0.8091035835246435,708.3145073861199
Birch,0.41004446869701267,0.9359833283468436,28285.032724130077
