,Unnamed: 0.1,Unnamed: 0,rate (out of 5),num of ratings,avg cost (two people)
count,7105.0,7105.0,7037.0,7105.0,7048.0
mean,3552.0,3552.0,3.5142532329117526,188.9210415200563,540.2864642451759
std,2051.1811637850683,2051.1811637850683,0.4632485953014238,592.1710492918498,462.9023054968781
min,0.0,0.0,1.8,1.0,40.0
25%,1776.0,1776.0,3.2,16.0,300.0
50%,3552.0,3552.0,3.5,40.0,400.0
75%,5328.0,5328.0,3.8,128.0,600.0
max,7104.0,7104.0,4.9,16345.0,6000.0
