,Delivery_person_Age,Delivery_person_Ratings,Restaurant_latitude,Restaurant_longitude,Delivery_location_latitude,Delivery_location_longitude,Vehicle_condition,multiple_deliveries,Time_taken (min)
count,43730.0,43676.0,45584.0,45584.0,45584.0,45584.0,45584.0,44591.0,45584.0
mean,29.566910587697233,4.6337736972250205,17.017948396389087,70.22968394987276,17.465479840514217,70.8441609078624,1.0233853983853984,0.7446345675136238,26.293962793962795
std,5.815063854587501,0.33474372017455284,8.185673779879622,22.885574863999793,7.335561662334379,21.120578275103554,0.8390554344087541,0.5725098447368803,9.38429773366795
min,15.0,1.0,-30.905562,-88.366217,0.01,0.01,0.0,0.0,10.0
25%,25.0,4.5,12.933284,73.17,12.988453,73.28,0.0,0.0,19.0
50%,30.0,4.7,18.55144,75.897963,18.633934,76.002574,1.0,1.0,26.0
75%,35.0,4.9,22.728163,78.044095,22.785049,78.107044,2.0,1.0,32.0
max,50.0,6.0,30.914057,88.433452,31.054057,88.563452,3.0,3.0,54.0
